KaiCenat,641972806
zackrawrr,552120296
Jynxzi,411377640
caseoh_,267160288
HasanAbi,207813352
tarik,36340781
xQc,71092938
stableronaldo,246450563
sodapoppin,26301881
moistcr1tikal,132230344
TimTheTatman,36769016
Emiru,91067577
loltyler1,51496027
shroud,37402112
Ludwig,40934651
Mizkif,94753024
Fanum,139251406
Nmplol,21841789
itsKatchii,1093257262
pokimane,44445592
Cinna,204730616
Valkyrae,79615025
cyr,37522866
lydiaviolet,712201914
EsfandTV,38746172
plaqueboymax,672238954
Lacy,494543675
jasontheween,107117952
ExtraEmily,517475551
CodeMiko,500128827
Mikaylah,134532537
thesketchreal,917774995
BotezLive,127550308
miniminter,39894746
Zerkaa,13884994
Ninja,19571641
TenZ,70225218
Kyedae,445529741
QuarterJade,173758090
AustinShow,40197643
fanfan,596031520
MISTERARTHER,41809323
Acie,184336761
claraatwork,153667766
fuslie,83402203
Agent00,90222258
MARI,246319839
Adapt,211234859